[{
  "_id": {
    "$oid": "69012483f4e552cb17de5a65"
  },
  "question": "What is Angular?",
  "answer": "Angular is a frontend framework.",
  "topic": "Angular"
},
{
  "_id": {
    "$oid": "69012483f4e552cb17de5a66"
  },
  "question": "What is a component in Angular?",
  "answer": "A component controls a patch of screen called a view.",
  "topic": "Angular"
},
{
  "_id": {
    "$oid": "69012483f4e552cb17de5a67"
  },
  "question": "What is Node.js?",
  "answer": "Node.js is a JavaScript runtime built on Chrome's V8 engine.",
  "topic": "NodeJS"
},
{
  "_id": {
    "$oid": "69012483f4e552cb17de5a68"
  },
  "question": "Explain event loop in Node.js?",
  "answer": "Event loop allows non-blocking I/O operations in Node.js.",
  "topic": "NodeJS"
},
{
  "_id": {
    "$oid": "69044be8139efa2428646237"
  },
  "topic": "Angular",
  "question": "What is Angular?",
  "answer": "Angular is a TypeScript-based front-end web application framework."
},
{
  "_id": {
    "$oid": "69044be8139efa2428646238"
  },
  "topic": "Angular",
  "question": "What is a component in Angular?",
  "answer": "A component controls a patch of screen called a view and contains HTML, CSS, and TypeScript code."
},
{
  "_id": {
    "$oid": "69044be8139efa2428646239"
  },
  "topic": "Angular",
  "question": "What is Angular CLI?",
  "answer": "Angular CLI is a command-line interface tool to initialize, develop, scaffold, and maintain Angular apps."
},
{
  "_id": {
    "$oid": "69044be8139efa242864623a"
  },
  "topic": "Angular",
  "question": "What is data binding in Angular?",
  "answer": "Data binding is the mechanism to coordinate parts of a template with parts of a component."
},
{
  "_id": {
    "$oid": "69044be8139efa242864623b"
  },
  "topic": "Angular",
  "question": "What is a service in Angular?",
  "answer": "A service is a class that provides reusable functionality, which can be injected into components or other services."
},
{
  "_id": {
    "$oid": "69044be8139efa242864623c"
  },
  "topic": "JavaScript",
  "question": "What is a closure?",
  "answer": "A closure is a function having access to the parent scope even after the parent function has closed."
},
{
  "_id": {
    "$oid": "69044be8139efa242864623d"
  },
  "topic": "JavaScript",
  "question": "Difference between var, let, and const?",
  "answer": "var: function-scoped, let: block-scoped variable, const: block-scoped constant."
},
{
  "_id": {
    "$oid": "69044be8139efa242864623e"
  },
  "topic": "JavaScript",
  "question": "What is the event loop?",
  "answer": "The event loop is the mechanism that allows JavaScript to perform non-blocking asynchronous operations."
},
{
  "_id": {
    "$oid": "69044be8139efa242864623f"
  },
  "topic": "JavaScript",
  "question": "What is hoisting?",
  "answer": "Hoisting is JavaScript's behavior of moving declarations to the top of their scope before execution."
},
{
  "_id": {
    "$oid": "69044be8139efa2428646240"
  },
  "topic": "JavaScript",
  "question": "What is a promise?",
  "answer": "A promise represents a value which may be available now, in the future, or never, and handles async operations."
},
{
  "_id": {
    "$oid": "69044be8139efa2428646241"
  },
  "topic": "HTML",
  "question": "What is semantic HTML?",
  "answer": "Semantic HTML uses tags that have meaningful names, like <header>, <footer>, <article>."
},
{
  "_id": {
    "$oid": "69044be8139efa2428646242"
  },
  "topic": "HTML",
  "question": "What are HTML forms?",
  "answer": "HTML forms allow user input to be submitted to a server using input elements, buttons, and select elements."
},
{
  "_id": {
    "$oid": "69044be8139efa2428646243"
  },
  "topic": "HTML",
  "question": "Difference between block and inline elements?",
  "answer": "Block elements occupy full width, start on a new line; inline elements occupy only necessary width and stay on the same line."
},
{
  "_id": {
    "$oid": "69044be8139efa2428646244"
  },
  "topic": "HTML",
  "question": "What is the purpose of the <meta> tag?",
  "answer": "The <meta> tag provides metadata about the HTML document, like charset, viewport, and description."
},
{
  "_id": {
    "$oid": "69044be8139efa2428646245"
  },
  "topic": "HTML",
  "question": "What are HTML5 semantic tags?",
  "answer": "Tags like <section>, <article>, <nav>, <aside> give meaning to page structure and improve accessibility."
},
{
  "_id": {
    "$oid": "69044be8139efa2428646246"
  },
  "topic": "CSS",
  "question": "What is Flexbox?",
  "answer": "Flexbox is a CSS layout module that allows responsive alignment and distribution of elements in a container."
},
{
  "_id": {
    "$oid": "69044be8139efa2428646247"
  },
  "topic": "CSS",
  "question": "What is the difference between relative, absolute, and fixed positioning?",
  "answer": "relative: relative to itself; absolute: relative to nearest positioned ancestor; fixed: relative to viewport."
},
{
  "_id": {
    "$oid": "69044be8139efa2428646248"
  },
  "topic": "CSS",
  "question": "What is CSS Grid?",
  "answer": "CSS Grid is a layout system that allows creating complex, two-dimensional layouts on the web."
},
{
  "_id": {
    "$oid": "69044be8139efa2428646249"
  },
  "topic": "CSS",
  "question": "What is a pseudo-class in CSS?",
  "answer": "A pseudo-class defines the special state of an element, like :hover, :focus, or :nth-child()."
},
{
  "_id": {
    "$oid": "69044be8139efa242864624a"
  },
  "topic": "CSS",
  "question": "What is the difference between em, rem, and px?",
  "answer": "px: absolute pixels, em: relative to parent, rem: relative to root element."
}]